<?xml version="1.0" encoding="UTF-8"?>
<!DOCTYPE configuration
        PUBLIC "-//mybatis.org//DTD Config 3.0//EN"
        "http://mybatis.org/dtd/mybatis-3-config.dtd">
<configuration>
<!-- 引入外部properties文件 -->


<!-- 取别名 -->
<typeAliases>
	<package name="com.pojo"/>
</typeAliases>

<!--
&lt;!&ndash; 配置开发环境 &ndash;&gt;
<environments default="mysql">
	<environment id="mysql">
		&lt;!&ndash; 配置事务处理 &ndash;&gt;
		<transactionManager type="JDBC"></transactionManager>
		&lt;!&ndash; 数据源配置 &ndash;&gt;
		<dataSource type="POOLED">
			<property name="driver" value="${driver}"/>
			<property name="url" value="${url}"/>
			<property name="username" value="${username}"/>
			<property name="password" value="${password}"/>
		</dataSource>
	</environment>
</environments>
-->

<!--引入dao的映射文件  -->
<!--<mappers>
	<mapper resource="com/dao/userMapper.xml"/>
</mappers>-->
</configuration>