<?xml version="1.0" encoding="UTF-8"?>
<beans xmlns="http://www.springframework.org/schema/beans"
       xmlns:xsi="http://www.w3.org/2001/XMLSchema-instance"
       xmlns:aop="http://www.springframework.org/schema/aop"
       xmlns:context="http://www.springframework.org/schema/context"
       xmlns:tx="http://www.springframework.org/schema/tx"
       xsi:schemaLocation="http://www.springframework.org/schema/beans
        https://www.springframework.org/schema/beans/spring-beans.xsd
         http://www.springframework.org/schema/aop
        https://www.springframework.org/schema/aop/spring-aop.xsd
        http://www.springframework.org/schema/context
        https://www.springframework.org/schema/context/spring-context.xsd
        http://www.springframework.org/schema/tx
        http://www.springframework.org/schema/tx/spring-tx.xsd">
    <!--导入外部db.properties-->
    <context:property-placeholder location="classpath:db.properties"></context:property-placeholder>
    <!--扫描注解-->
    <context:component-scan base-package="com.serviceImpl"></context:component-scan>
    <!--配置dbcp数据源-->
    <bean id="dataSource" class="org.apache.commons.dbcp2.BasicDataSource">
        <property name="driverClassName" value="${driver}"/>
        <property name="url" value="${url}"/>
        <property name="username" value="${user}"/>
        <property name="password" value="${password}"/>
    </bean>

    <!--配置sqlSessqionFactory工厂-->
    <bean id="sessionfactory" class="org.mybatis.spring.SqlSessionFactoryBean">
        <!--配置对数据源的引用-->
        <property name="dataSource" ref="dataSource"/>
        <!--配置mybatis全局配置文件的位置-->
        <property name="configLocation" value="classpath:mybatis_config.xml"/>

    </bean>

    <!--给dao接口创建bean-->
    <bean class="org.mybatis.spring.mapper.MapperScannerConfigurer">
        <!--配置接口所在的包-->
        <property name="basePackage" value="com.dao"/>
        <!--配置sqlSessionFactory-->
        <property name="sqlSessionFactoryBeanName" value="sessionfactory"/>
    </bean>
    <!--配置事务管理类-->
    <bean id="transactionManager" class="org.springframework.jdbc.datasource.DataSourceTransactionManager">
        <property name="dataSource" ref="dataSource"/>
    </bean>

    <!--配置切面-->
    <tx:advice id="advice" transaction-manager="transactionManager">
        <tx:attributes>
            <tx:method name="get*" propagation="SUPPORTS"  read-only="true"/>
            <tx:method name="update*" propagation="REQUIRED"/>
            <tx:method name="delete*" propagation="REQUIRED"/>
            <tx:method name="add*" propagation="REQUIRED"/>
            <tx:method name="*" propagation="REQUIRED"/>
        </tx:attributes>
    </tx:advice>

    <!--配置aop-->
    <aop:config>
        <!--配置切点-->
        <aop:pointcut expression="execution(public * com.service.*.*(..))" id="pointcut"/>
    </aop:config>
    <!--<aop:config>
        &lt;!&ndash;配置切面的id&ndash;&gt;
        <aop:aspect ref="myAop">
            &lt;!&ndash;配置切点&ndash;&gt;
            <aop:pointcut id="pointcut" expression="execution(public * com.org.service.*.*(..))" />
            &lt;!&ndash;织入前置增强&ndash;&gt;
            <aop:before method="beforeAdvice" pointcut-ref="pointcut"/>
        </aop:aspect>


    </aop:config>-->
</beans>